epoch,lr-Adam,step,train_loss_step
,0.001,0,
0,,49,40.70675277709961
0,,99,35.74141311645508
0,,149,27.796606063842773
0,,199,28.611650466918945
0,,249,36.329341888427734
0,,299,18.7857723236084
0,,349,36.8164176940918
