epoch,lr-Adam,step,train_loss_step
,0.001,0,
0,,49,84.02952575683594
0,,99,68.73029327392578
0,,149,89.32830810546875
0,,199,68.85332489013672
0,,249,71.7863540649414
0,,299,108.91656494140625
